# Add.
team add founder
team add owner

team add admin

team add developer
team add mod
team add builder
team add h_mod
team add h_builder
team add helper

team add partner
team add media
team add plasmian
team add templexian

team add dragon
team add unicorn
team add mage
team add baron
team add paladin
team add bard
team add eagle

team add alchemist
team add jest

# Custom Roles (Add)

# Player Roles Add.
team add king
team add archduke
team add duke
team add viscount
team add noble
team add sorcerer
team add magician
team add knight
team add master
team add expeditioner
team add warrior
team add villager
team add default

# Color.
team modify founder color dark_aqua
team modify owner color dark_aqua

team modify admin color dark_green

team modify developer color gray
team modify mod color gray
team modify builder color gray
team modify h_mod color gray
team modify h_builder color gray
team modify helper color gray

team modify partner color gray
team modify media color dark_gray
team modify plasmian color gray
team modify templexian color dark_gray

team modify dragon color gray
team modify unicorn color gray
team modify mage color gray
team modify baron color gray
team modify paladin color gray
team modify bard color gray
team modify eagle color gray

team modify alchemist color gray
team modify jester color gray

team modify king color gray
team modify archduke color gray
team modify duke color gray
team modify viscount color gray
team modify noble color gray
team modify sorcerer color gray
team modify magician color gray
team modify knight color gray
team modify master color gray
team modify expeditioner color gray
team modify warrior color gray
team modify villager color gray
team modify default color gray

# Prefixes / Suffixes.
team modify founder prefix [{"text":"\u00A74\u00A7lOwner \u00A78"}]
team modify founder suffix [{"text":" \u00A7d\u00A7lFounder"}]
team modify owner prefix [{"text":"\u00A74\u00A7lOwner \u00A78"}]

team modify admin prefix [{"text":"\u00A7c\u00A7lAdmin \u00A78"}]

team modify developer prefix [{"text":"\u00A75Developer \u00A77"}]
team modify mod prefix [{"text":"\u00A74Mod \u00A77"}]
team modify builder prefix [{"text":"\u00A72Builder \u00A77"}]
team modify h_mod prefix [{"text":"\u00A79helper \u00A74Mod \u00A77"}]
team modify h_builder prefix [{"text":"\u00A79helper \u00A72Builder \u00A77"}]
team modify helper prefix [{"text":"\u00A79helper \u00A77"}]

team modify media prefix [{"text":"\u00A77\u00A7k..\u00A7r \u00A7d\u00A7lPartner \u00A77\u00A7k..\u00A77"}]
team modify media prefix [{"text":"\u00A75\u00A7k..\u00A7r \u00A74\u00A7lMedia \u00A75\u00A7k..\u00A77"}]
team modify plasmian prefix [{"text":"\u00A7cPlasmian \u00A77"}]
team modify templexian prefix [{"text":"\u00A7cTemplexian \u00A77"}]

team modify dragon prefix [{"text":"\u00A78\u00A7k..\u00A74 \u00A7lDragon \u00A78\u00A7k..\u00A77 "}]
team modify unicorn prefix [{"text":"\u00A7d\u00A7k..\u00A7b \u00A7lUnicorn \u00A7d\u00A7k..\u00A77 "}]
team modify mage prefix [{"text":"\u00A78\u00A7k..\u00A7b \u00A7lMage \u00A78\u00A7k..\u00A77 "}]
team modify baron prefix [{"text":"\u00A7b\u00A7k..\u00A77 Baron \u00A7b\u00A7k..\u00A77 "}]
team modify paladin prefix [{"text":"\u00A7b\u00A7k..\u00A76 \u00A7lPaladin \u00A7b\u00A7k..\u00A77 "}]
team modify bard prefix [{"text":"\u00A7b\u00A7k..\u00A78 Bard \u00A7b\u00A7k..\u00A77 "}]
team modify eagle prefix [{"text":"\u00A76\u00A7k..\u00A7r Eagle \u00A76\u00A7k..\u00A77 "}]

team modify alchemist prefix [{"text":"\u00A7d\u00A7k..\u00A78 Alchemist \u00A7d\u00A7k.. \u00A77"}]
team modify jester prefix [{"text":"\u00A7d\u00A7k..\u00A76 Jester \u00A7d\u00A7k.. \u00A77"}]

team modify king prefix [{"text":"\u00A74King \u00A77"}]
team modify archduke prefix [{"text":"Archduke \u00A77","color":"#2056f7"}]
team modify duke prefix [{"text":"Duke \u00A77","color":"#0f611a"}]
team modify viscount prefix [{"text":"Viscount \u00A77","color":"#3c1170"}]
team modify noble prefix [{"text":"Noble \u00A77","color":"#6a1fc4"}]
team modify sorcerer prefix [{"text":"Sorcerer \u00A77","color":"#d18708"}]
team modify magician prefix [{"text":"\u00A76Magician \u00A77"}]
team modify knight prefix [{"text":"\u00A79Knight \u00A77"}]
team modify master prefix [{"text":"\u00A75Master \u00A77"}]
team modify expeditioner prefix [{"text":"\u00A7dExpeditioner \u00A77"}]
team modify warrior prefix [{"text":"\u00A78Warrior \u00A77"}]
team modify villager prefix [{"text":"\u00A7bVillager \u00A77"}]
team modify default prefix [{"text":"\u00A7aNew Comer \u00A77"}]
# NPCs.
team modify GREEN color green
team modify GOLD color gold
team modify LPURPLE color light_purple
# Tell.
tellraw @a [{"text":"Teams Set Up","color":"gold"},{"text":" : ","color":"dark_gray"},{"text":"Set up the teams.","color":"green"}]